[
  {
    "id": 1,
    "name": "Rose",
    "price": 12.99,
    "image": "./assets/plant.png"
  },
  {
    "id": 2,
    "name": "Lily",
    "price": 9.99,
    "image": "./assets/plant.png"
  },
  {
    "id": 3,
    "name": "Tulip",
    "price": 8.49,
    "image": "./assets/plant.png"
  },
  {
    "id": 4,
    "name": "Sunflower",
    "price": 14.99,
    "image": "./assets/plant.png"
  },
  {
    "id": 5,
    "name": "Daisy",
    "price": 7.99,
    "image": "./assets/plant.png"
  },
  {
    "id": 6,
    "name": "Orchid",
    "price": 19.99,
    "image": "./assets/plant.png"
  },
  {
    "id": 7,
    "name": "Cactus",
    "price": 5.99,
    "image": "./assets/plant.png"
  },
  {
    "id": 8,
    "name": "Fern",
    "price": 11.49,
    "image": "./assets/plant.png"
  },
  {
    "id": 9,
    "name": "Fern",
    "price": 11.49,
    "image": "./assets/plant.png"
  }
]
